epoch,lrate,train_loss,val_loss,train_dice,val_dice,train_iou,val_iou,elapsed_time
1,0.25,0.9012130260467529,1.0950878446484789,0.26827823834674475,0.0005203277915887652,0.19254684344361292,4.756593175719621e-10,42.983752489089966
2,0.25,0.7934686760107676,0.7419315816934217,0.38483986134537973,0.48177703259229826,0.2661298849438961,0.3479104269919909,43.15674567222595
3,0.25,0.7612912893295288,0.7962472924479732,0.41609771770873166,0.3764377819984293,0.2913472990773193,0.24230491997591858,43.241636514663696
4,0.25,0.7044123182694118,0.6726481850745747,0.41608931505544977,0.4119742408546688,0.28515287419560503,0.26570659628033677,44.4295814037323
5,0.25,0.6430166204770406,0.5622672840891552,0.46329640455516147,0.4986731202742386,0.31609042072026233,0.34463742586195084,45.329036235809326
6,0.25,0.5858058636387189,0.4840118406731405,0.48357492331169166,0.5757331987371485,0.33337773903270695,0.41934629646702076,43.90055823326111
7,0.25,0.5416001319885254,0.5575638092103808,0.5181052544217624,0.4539448160922053,0.36454064755360716,0.3001109901431399,43.79045510292053
8,0.25,0.5339297284682591,0.5780924362410244,0.5215866055972709,0.4796635636196976,0.3669752730928364,0.32637476849403474,43.22535681724548
9,0.25,0.5188109705845515,0.5253606860529739,0.5199595323456534,0.5255948644241328,0.36456478344336996,0.364173283228593,43.42727327346802
10,0.25,0.46152194738388064,0.3731389412418805,0.5701483840444558,0.6321925295672861,0.41280681160338895,0.47162419219589885,44.276599645614624
11,0.25,0.4277264585097631,0.34305081912028934,0.5976152761409412,0.6536902753170802,0.4403054934887531,0.4995559958980954,45.7526752948761
12,0.25,0.41217876027027767,0.3745008358739531,0.6195273894729769,0.6135404401695962,0.46272623422926196,0.4566380620435563,44.427377700805664
13,0.25,0.42989290654659273,0.41142829283765314,0.6041257820440686,0.6155877772681412,0.4459208848821544,0.45580061424974744,45.571555852890015
14,0.25,0.3963305115699768,0.32516794599623344,0.6296628618135787,0.6571742405359695,0.47171730037176096,0.5015216436591026,49.094465494155884
15,0.25,0.38795994569857917,0.38638103081856245,0.641328215831767,0.6417707173931004,0.4849109621741113,0.48631520780895265,49.15571212768555
16,0.25,0.36602557500203453,0.32196226384904647,0.6531672367168359,0.6760316151398629,0.49821241751115297,0.5213947030369477,51.64911723136902
17,0.25,0.3558536631365617,0.27983280648419884,0.6606992418511417,0.7206829602689052,0.5050306476641493,0.5734265977762204,49.25781297683716
18,0.25,0.34046846628189087,0.2917520551033962,0.676242970533904,0.714306000366737,0.5232912785511294,0.5657901762319706,48.70834040641785
19,0.25,0.33238071724772456,0.30279358546920276,0.6918266864807895,0.7012349817725154,0.5413013823779612,0.5491872196763192,50.5554780960083
20,0.25,0.3259152762591839,0.2843089947484648,0.7018155975800315,0.7342345719350832,0.5528124804064816,0.5869078191784818,51.252559661865234
21,0.25,0.3240597734848658,0.26236559800159787,0.6970928981105641,0.7353016699674022,0.5465437624825725,0.5906086859624902,49.68112134933472
22,0.25,0.32250565364956857,0.28433120949768725,0.7011265612668988,0.7340843591947698,0.5513352042585882,0.5913224011212429,49.74589395523071
23,0.25,0.31522201125820476,0.48532863838191875,0.7055002599011928,0.5610494172673711,0.5573250976160367,0.40002505486711465,52.011741638183594
24,0.25,0.3362197575469812,0.3246289227970343,0.683448830652504,0.7020413070704908,0.5326009347366737,0.5492917708412041,49.03712821006775
25,0.25,0.28363939647873243,0.2179981136518251,0.7379947636050462,0.8022207581824455,0.5959607066444078,0.6790092066530662,49.308539628982544
26,0.25,0.2936296045780182,0.5120228681054135,0.730588928478093,0.567211703087067,0.5864715229888657,0.40911861061762117,48.88687324523926
27,0.25,0.3194243726631006,0.2687719431188371,0.6990473330638561,0.7137468493578584,0.5494321534125068,0.5638565410498491,48.85579204559326
28,0.25,0.279641247044007,0.25112955799563924,0.7384827866477168,0.7438473055851346,0.5966754055822381,0.6016771203426045,49.42315888404846
29,0.25,0.29929942016800243,0.3676173380372946,0.7169028564437668,0.6449770119886149,0.5694527089138471,0.4862898607407903,49.329689741134644
30,0.25,0.2744045101106167,0.23062522182003461,0.7460486434137487,0.797178249489512,0.6056714912319685,0.6753707323952787,50.72596979141235
31,0.25,0.3133324002226194,0.32027091717523803,0.7078875047801528,0.7162295171601565,0.562202998103754,0.5699419177754202,49.0610613822937
32,0.25,0.2849637411534786,0.2136291246477959,0.7354051092503043,0.801238016813097,0.5936101952276736,0.6771923626538502,50.541648149490356
33,0.25,0.27734554608662926,0.2177809578033141,0.7429485698999893,0.7870062165258986,0.6022202899533686,0.6603423267550705,50.27155613899231
34,0.25,0.2574734432001909,0.259474220896454,0.7625374506481424,0.7757919802099734,0.6272500302489107,0.6447852465076493,52.49715256690979
35,0.25,0.2521530332664649,0.24790159186708582,0.7632550351912403,0.772218450650325,0.6284756895173574,0.6375867502452404,50.67824625968933
36,0.25,0.25020515397191045,0.21510233776068982,0.7733546711476834,0.8032189556261534,0.6405148795195431,0.679335445662409,48.24695014953613
37,0.25,0.23834049676855404,0.20181026533552648,0.7842228107239665,0.8051269558327303,0.6549099385109504,0.6847603248753094,49.57746410369873
38,0.25,0.23882783502340316,0.22536186334282282,0.7823300991132115,0.7868140082244242,0.6528413109280915,0.6570131623631363,51.50774931907654
39,0.25,0.25011175523201623,0.18214861226915824,0.775155781302741,0.8352362971722256,0.6441090961343702,0.7241952350261164,50.92689514160156
40,0.25,0.24205893004933993,0.19628043350123575,0.7866767555125452,0.8145426016833023,0.6580703801000344,0.6960087829169056,50.38425636291504
41,0.25,0.2500225832064947,0.24905295443142392,0.7699400969131184,0.747658348912561,0.6364052462098025,0.6065477530486973,52.24813890457153
42,0.25,0.2366306039194266,0.1950993231294577,0.787463701988903,0.8209820438614295,0.6599766834414648,0.7052813721512996,50.27111053466797
43,0.25,0.23474516620238622,0.22004313331572609,0.7922975838271527,0.7897876714119602,0.66641372505503,0.6607922161926723,50.23314380645752
44,0.25,0.2305469999710719,0.1851369930515564,0.7935341545593299,0.8308283554578088,0.6682802758914504,0.7167908841188081,49.56890606880188
45,0.25,0.2239852877954642,0.18863312581193792,0.7985600173856618,0.8282313740626238,0.6746060870807535,0.7153283613377261,49.856738567352295
46,0.25,0.22152697890996934,0.22441810774214474,0.7981473383310458,0.7980933566847895,0.6750860091854641,0.6715077000847985,49.53634309768677
47,0.25,0.24363716940085092,0.21480601265597246,0.7820952586282445,0.7986085046284194,0.6526828814059574,0.6733976874119679,50.002933979034424
48,0.25,0.2469621626039346,0.41036873908690463,0.7715040572910092,0.6136857741519296,0.6393462419480616,0.45350892520911584,49.41875624656677
49,0.25,0.2367653767267863,0.1827610636076319,0.7786090900239706,0.8372391698051561,0.6492521841764148,0.728581350250255,49.605660915374756
50,0.25,0.2198856182396412,0.18351299846123276,0.8007316520200496,0.8272044155485286,0.6780134892087553,0.7130784415081184,49.65933966636658
51,0.25,0.2124615381161372,0.174970628180131,0.8079196254805154,0.8445279940728131,0.6877725576740112,0.7406097307106202,48.75224828720093
52,0.25,0.21656499455372494,0.19649991871398173,0.8000993835348658,0.8073104778483691,0.6767913149935397,0.6867930317098372,49.65685844421387
53,0.25,0.21145533248782158,0.19344762875219432,0.8064630903087955,0.8211239142055122,0.6869405827702477,0.7062334234731218,50.62375068664551
54,0.25,0.230061936378479,0.35244330837402815,0.7902733665159566,0.6733812086476582,0.663811442776521,0.5115972296311773,48.69305372238159
55,0.25,0.24196488484740258,0.17900306219426693,0.7835234479043789,0.8386917369418597,0.6556005970310463,0.7316368042928213,50.88065457344055
56,0.25,0.2145559052626292,0.17874167792100476,0.8035566914823365,0.83680560281664,0.68234685243988,0.7270195105238364,49.25936436653137
57,0.25,0.21293511216839153,0.17574511916058544,0.8062561839860116,0.8379928229756681,0.6864945182127092,0.7300686975385295,50.69190454483032
58,0.25,0.20098220830162367,0.15974788484259397,0.8221836246218998,0.8535858358260003,0.7078338037094591,0.7521940548821011,49.38961935043335
59,0.25,0.1888274495800336,0.18622640578589814,0.8260373835887816,0.8255735130792762,0.713650603203349,0.7117937935625288,48.982282400131226
60,0.25,0.20744363740086555,0.19054657134990144,0.8117991357945258,0.8178612892443472,0.6927518650702212,0.7009407892306324,50.295711278915405
61,0.25,0.204362257818381,0.16952577184257192,0.8119726650175048,0.8426542275734998,0.6942744380967429,0.7360258886314324,51.002803802490234
62,0.25,0.1997697760661443,0.16055597168673214,0.8222835154116576,0.8537739259349544,0.707688653374342,0.7537099934023755,50.72129034996033
63,0.25,0.186834234247605,0.1568105235511874,0.8331907979136243,0.8504304278771834,0.7240099863787154,0.7500974025595013,49.428566455841064
64,0.25,0.20967594931523006,0.1684431214146163,0.8081387945123703,0.8417143024948134,0.6878133785021302,0.7354974023652947,51.55812907218933
65,0.25,0.18700663472215334,0.16513815693894532,0.8306812790545257,0.8532652700139667,0.7205893555368502,0.7523465976192463,50.95381951332092
66,0.25,0.18856419598062832,0.18822489182154337,0.8298316142195074,0.8312488192294573,0.7190095437821447,0.719939012100987,49.17582893371582
67,0.25,0.20553763682643572,0.17601256330072143,0.808943903480692,0.8337805936529292,0.6903652838783637,0.7235947936669358,50.28918170928955
68,0.25,0.2548169722159704,0.1896994058732633,0.7705269552642077,0.8170652983102976,0.6383478504133324,0.6986496133321696,49.40912675857544
69,0.25,0.2123657653729121,0.179975836058703,0.809905254783218,0.8409657053033986,0.6915145240592966,0.7325567183528271,50.188563108444214
70,0.25,0.20488150840004285,0.16987323331734772,0.8170482682393865,0.8478685039149327,0.7004003211125958,0.7438983770154373,49.80814027786255
71,0.25,0.18318291765948136,0.1548282282710566,0.8340619349952668,0.8548594132432211,0.7254311250729611,0.7558983137079759,50.00178146362305
72,0.25,0.22422408287723858,0.23390025562710232,0.7914962237145998,0.8071544282015384,0.6673220320961492,0.6867613494678393,49.66460108757019
73,0.25,0.2195796363055706,0.16986317043441804,0.8093854304648885,0.8398725155818257,0.6907009473934808,0.7326192216176252,48.93768262863159
74,0.25,0.18646124464770159,0.1680278804444482,0.8352289387157031,0.8479515051350023,0.7261767427339894,0.7471320360006034,50.10187792778015
75,0.25,0.18916017388304074,0.16242933224258108,0.8322635682433872,0.8595313723722887,0.7226866136845215,0.761212858586303,50.363131284713745
76,0.25,0.1771964990844329,0.19153522813516388,0.8390524004460429,0.8223171105792022,0.7323215344025704,0.7051278308245928,50.11384439468384
77,0.25,0.20286565994222958,0.159768946315526,0.8168707087927296,0.8512833075179711,0.7001029995035704,0.7501848532717105,52.58229470252991
78,0.25,0.19482722096145152,0.1645680591770651,0.8236620375899474,0.8402963063274406,0.7106929981912252,0.7317992855379913,52.349737882614136
79,0.25,0.17744801205893357,0.14725401506993016,0.8404620408615614,0.8659916590827244,0.7343910235570337,0.7709899785625719,50.063026428222656
80,0.25,0.17315735816955566,0.16168642320014812,0.8452513446557106,0.8494154578379388,0.7414819607361735,0.7480121450601954,49.720662355422974
81,0.25,0.17776988645394642,0.15749673686400362,0.8431252292381504,0.8546898230111799,0.7385904515670466,0.7533630737310776,49.58223628997803
82,0.25,0.19816436059772968,0.21594577169222107,0.8245315544627448,0.8058351891753831,0.711315749187984,0.682060870053754,51.4391348361969
83,0.25,0.2070050684114297,0.17761604524688956,0.813360632606836,0.8407782442266144,0.6957521309024417,0.7332195225616948,49.914018392562866
84,0.25,0.19467208981513978,0.18259660776995829,0.8255946108907704,0.8287734113301654,0.7135101671060677,0.715653710403933,49.535237550735474
85,0.25,0.19798745786150296,0.16036506193410222,0.820191129394058,0.842053954387147,0.7053112751374625,0.7348294216250508,50.87930750846863
86,0.25,0.17628235208491486,0.15607892700428824,0.8442260096685833,0.8593353585400261,0.7399341385038972,0.7605741107012853,49.39950942993164
87,0.25,0.17950475563605625,0.1541134392528377,0.8402318196393174,0.8589672475038351,0.7334539429269675,0.7604673623502555,51.393391609191895
88,0.25,0.1892078494032224,0.16111180431558272,0.8311007406871015,0.8588662107184285,0.7211341754451079,0.7595493253847636,54.94181799888611
89,0.25,0.18281103235979876,0.258677398349032,0.8334927606707365,0.7652312470333001,0.7245377800490626,0.6284682245411963,51.14849352836609
90,0.25,0.21258910447359086,0.17698153988324075,0.8065376107789708,0.8371481040882576,0.6870057205293564,0.7267183830468535,51.17639446258545
91,0.25,0.18442981404562792,0.1545656582823506,0.8328719432197784,0.8578705463915408,0.7231023916575663,0.758923322371773,50.15486526489258
92,0.25,0.19148097112774848,0.1574641522556666,0.8305498191704961,0.8577099313490228,0.7194622930611771,0.7598248701741362,50.171480655670166
93,0.25,0.17285149917006493,0.1486958339503763,0.8423714030431406,0.8679620300810165,0.7378281727360453,0.774698658404425,51.29236030578613
94,0.25,0.17960796505212784,0.1654743260316888,0.8402797075939644,0.8530378201484481,0.734151418400103,0.7502547476712432,52.458070278167725
95,0.25,0.20470488717158636,0.1770631663593245,0.81848969044275,0.8423056617470956,0.7025919057408619,0.7349636766230913,53.543389320373535
96,0.125,0.17494425376256306,0.14755735383848104,0.8421937921246847,0.8650074835923716,0.7382653992014261,0.7692969958666205,49.34878492355347
97,0.125,0.15700618488093218,0.1368676036473655,0.8592039567660369,0.8734919343456622,0.7624224370668483,0.7833322306006941,51.31559085845947
98,0.125,0.1482995371023814,0.13434722995071255,0.8650549546962741,0.876233925719303,0.7713845026553342,0.786819134525977,53.788755893707275
99,0.125,0.14804818506042164,0.1384254470160959,0.867406349977805,0.8729483906267927,0.7747232546705489,0.7819014339011745,51.798306703567505
100,0.125,0.14302599827448528,0.1344905325169426,0.8709724656169355,0.8768864927110376,0.7804989087069274,0.7889313513965327,50.535157442092896
101,0.125,0.1418283528337876,0.12404867969913247,0.8736280602957508,0.8833759121979201,0.7843526189618033,0.7990299182979901,50.603293895721436
102,0.125,0.14587691786388557,0.12972509407212215,0.8694200455453129,0.8798539263082747,0.7781174720044512,0.7932890111630593,51.012922525405884
103,0.125,0.14236155040562154,0.12771940654442634,0.8693809636526976,0.8829153991929891,0.7774229562572443,0.7972928844319496,50.91679263114929
104,0.125,0.138353235522906,0.12802405980388815,0.8758681841606045,0.8798051237073352,0.7884086041016779,0.7919131704492766,52.092209577560425
105,0.125,0.14004981592297555,0.12251396802227194,0.873673610425699,0.8867542912162538,0.7842117669459181,0.8042185387242312,50.6053261756897
106,0.125,0.1384039603173733,0.12686853343812526,0.8747652479976051,0.8834361448642597,0.7863812776345814,0.7970120622031333,50.20205068588257
107,0.125,0.1426930288473765,0.12234080806681158,0.8691831682170457,0.8866628190483276,0.777354766864719,0.8037487689123023,51.27468276023865
108,0.125,0.13739672352870305,0.1291249089034987,0.8780462560411404,0.8833855120308644,0.7911755669460272,0.7983405843798131,49.24306321144104
109,0.125,0.1541889037936926,0.13436710981675137,0.864165897161067,0.873568298062334,0.7702432180960913,0.7838648208890382,51.21097135543823
110,0.125,0.13736753699680168,0.11980579983550335,0.8737382257897282,0.8836517409823225,0.7849425189976377,0.7989000312180945,50.60994267463684
111,0.125,0.13261062329014142,0.12724501740785293,0.8790946796232866,0.8861210639592635,0.7932922253335023,0.8019077113559531,50.397565603256226
112,0.125,0.13612070431311926,0.1168412228915917,0.8782599594315957,0.8902168664626867,0.7913755608351306,0.8092404476383648,51.72110629081726
113,0.125,0.12877084948122502,0.12085397425011843,0.8834231606652847,0.8868638399109311,0.7994395903319902,0.8039023543382848,52.903419971466064
114,0.125,0.13093436372776826,0.12239222584192645,0.8820006902292086,0.884483501577884,0.7977732328736005,0.799761844271227,49.56196308135986
115,0.125,0.13490970047811668,0.12127804529274443,0.8769642794735864,0.885957064203892,0.7899363228603297,0.8021480703042604,52.60331869125366
116,0.125,0.1253500779469808,0.1169329766383387,0.8879921719764393,0.8914309758053804,0.8067524180156258,0.8122527074393624,49.899842500686646
117,0.125,0.12597957476973534,0.11698456991601873,0.884728902679918,0.8918848016554489,0.8017814251376659,0.8110046803969534,52.903525829315186
118,0.125,0.12773435451090337,0.11578751272625393,0.8834129331629443,0.890417075734168,0.7998072817961598,0.808635016512079,50.62482762336731
119,0.125,0.1247007725139459,0.1190292266783891,0.8872614824015107,0.8900194074239383,0.806188196106083,0.8087232253873167,50.597636461257935
120,0.125,0.12989454865455627,0.12295498548711768,0.8834306841514183,0.8855387048815617,0.7997230480019598,0.801947116954911,51.65382695198059
121,0.125,0.13407086978356045,0.12462174303737687,0.8792974132257734,0.8881491074233205,0.793042885948443,0.8053306289207172,49.73349404335022
122,0.125,0.13486133304735023,0.11980528031847605,0.8794194180357697,0.8907036140210889,0.7935578202220633,0.8091108314748119,49.919488191604614
123,0.125,0.12655075540145239,0.11648526376902812,0.885631595189365,0.8891450682472433,0.8032468966897518,0.8078424908033462,49.790791034698486
124,0.125,0.1244516326735417,0.1239410877963643,0.8872535010200244,0.8857633594708461,0.8065693446500863,0.8027956383149977,50.4723219871521
125,0.125,0.12976118475198745,0.11937194639517937,0.882863453782164,0.8886906949694368,0.7986677271438458,0.8057072397930749,50.945122718811035
126,0.125,0.12649009885887305,0.11419642787166093,0.8866847414836873,0.8912068411635132,0.8044062018495894,0.8099019363435861,50.733481645584106
127,0.125,0.1253660640368859,0.12040608367066324,0.8846862171088109,0.8921777955509202,0.8024706292879142,0.8119032534807528,50.550113677978516
128,0.125,0.13631436737875144,0.13525414706012348,0.8766811894492142,0.8733282066359659,0.7893457326527911,0.7816945041157186,52.15269875526428
129,0.125,0.1503201918055614,0.12043859291469118,0.8642489606609965,0.8873424147996178,0.7695859769660703,0.8048961638565405,51.59388303756714
130,0.125,0.12757354378700256,0.11820781316776825,0.8835629633405371,0.8894060092381516,0.8003651578686644,0.8079338779687427,52.4349799156189
131,0.125,0.1265710613379876,0.1223346671940368,0.8864029574071054,0.8871719406279097,0.8040622278364735,0.8026109409025357,50.75057125091553
132,0.125,0.12733692191541196,0.12681767099188188,0.8855495988131256,0.8924576801558094,0.8025480360760375,0.8115823927619735,50.80446171760559
133,0.125,0.1301801105340322,0.11879599830250681,0.8826183913294464,0.889872218243178,0.7983699240261805,0.8082952027754609,50.53822708129883
134,0.125,0.12425838361183802,0.10899671161003073,0.888413040234822,0.8993097030356006,0.8075032155688165,0.8237288493604572,52.51671314239502
135,0.125,0.12154757641255856,0.11862719065122644,0.8897341432023488,0.8929250599144192,0.8098775362200984,0.8128058060605566,50.588019609451294
136,0.125,0.11877304886778196,0.11060510545110507,0.8928531458023954,0.8936123942120278,0.8148751437756527,0.8146868098777091,50.740156412124634
137,0.125,0.14138037227094175,0.175273973080847,0.8745019781735316,0.8440610229794543,0.7862899023792062,0.7401101335732407,50.55941987037659
138,0.125,0.14529184078176816,0.12245610325670046,0.8707808154086951,0.8876843551162896,0.7803075773540158,0.8049317262467544,52.263094663619995
139,0.125,0.13990104012191296,0.1382891075233373,0.8704787942684082,0.8717045793181021,0.779291308641858,0.7792132628679351,51.2280912399292
140,0.125,0.15111430622637273,0.1272166800597077,0.8654920158122187,0.8817119492940785,0.7718066853322373,0.7960875933981406,52.43063759803772
141,0.125,0.12990942808489006,0.12314761469884174,0.8838315283147045,0.8842702595557707,0.8000592883601783,0.800402696584217,51.10274839401245
142,0.125,0.12532288245856762,0.11888476120836941,0.8856209663412201,0.8912734140960493,0.8034407366683918,0.8101740161215035,51.888816595077515
143,0.125,0.1275760284314553,0.1186060933051286,0.885954246598951,0.8875403371083725,0.804359006393076,0.8029696626590853,52.356502056121826
144,0.125,0.1265346164504687,0.12578827191772776,0.8883427035872254,0.8803208053022196,0.8075092790243038,0.7931737148194741,53.27454662322998
145,0.125,0.12773047337929408,0.11397229463107302,0.8837700652210483,0.8925734347517953,0.8006637602853726,0.8111598077404432,51.849464654922485
146,0.125,0.11958730158706506,0.1101457341095057,0.8894776291086505,0.8971420984218927,0.8091472088747268,0.8197103282106998,51.61311483383179
147,0.125,0.12200340926647187,0.12607144812742868,0.8910636169212276,0.8908051098089309,0.8113624729231722,0.8094487229069649,50.759896755218506
148,0.125,0.12098416934410731,0.11979442865514951,0.8923908940957908,0.8875930635099827,0.8138119620160499,0.8044925840377092,51.74985718727112
149,0.125,0.12906558277706306,0.1317460977859458,0.8839662910121556,0.8811122763611171,0.8006097298992912,0.7951549379364952,50.23829793930054
150,0.125,0.12080765130619207,0.11435594774568032,0.8909803384883016,0.8975063638644819,0.8117123618844003,0.819977803327521,52.075504302978516
151,0.0625,0.11492714745302995,0.10858198804129299,0.896472167772537,0.898070329980162,0.8203841041426562,0.8217808485885185,52.58533787727356
152,0.0625,0.10743324235081672,0.10955892432741668,0.9008550073576415,0.8968158577881452,0.8283536062352119,0.819024972469476,50.37814998626709
153,0.0625,0.11287627443671226,0.10742043823371698,0.897164604548035,0.901486366023647,0.8217158654314255,0.8271597268044877,52.16093039512634
154,0.0625,0.1154774675766627,0.10965665929602007,0.8963217732284022,0.8983330817056822,0.8201345571460339,0.8217631862792942,51.14743423461914
155,0.0625,0.1095190176119407,0.10542276716281357,0.8989360056713189,0.9026972058231524,0.8253626167375133,0.8277433243140885,52.22372913360596
156,0.0625,0.10786493122577667,0.1069600287778878,0.9016227372963075,0.9016632078895287,0.8292404040635629,0.8265995486900365,53.54619526863098
157,0.0625,0.10647872475286325,0.10525756614443696,0.9042080321051527,0.9015410729820663,0.8331013471573822,0.8272075467690215,50.09004354476929
158,0.0625,0.10390513713161151,0.1062983130353959,0.9060606843241386,0.9018147830559501,0.8361076656369274,0.8275632259446787,49.80810236930847
159,0.0625,0.10223715541263421,0.10435181230674555,0.9067460526450036,0.9025634002171837,0.8375746885630924,0.8280771248046938,51.61440587043762
160,0.0625,0.10241754179199537,0.10739221347212301,0.9047852477792369,0.899119275929834,0.8343136598815375,0.8225802861085802,52.04525184631348
161,0.0625,0.1036867010096709,0.10751934239157925,0.9045885981233756,0.9004907439092174,0.8336311481198201,0.8241155731293253,50.748690605163574
162,0.0625,0.10701501406729222,0.10471494526529508,0.9042400957058844,0.9018206920525473,0.833133865260322,0.8277324448375837,51.137006521224976
163,0.0625,0.1044668473303318,0.10507038106888901,0.9066523147178476,0.9028467352439631,0.8370425355693475,0.8284506053364854,51.7381751537323
164,0.0625,0.1054820622007052,0.10777075116526443,0.9048391322457127,0.9009821532063004,0.8342694810907023,0.8265780945234944,50.38554000854492
165,0.0625,0.10259038681785265,0.10675669078228404,0.9072009409022151,0.8997941259377784,0.8378660921801059,0.8240058424920138,53.78246831893921
166,0.0625,0.10326674828926723,0.10829154938582039,0.904683469707917,0.8983692947330972,0.8343902308374378,0.8215048187095572,51.186269760131836
167,0.0625,0.10549053599437078,0.10514550824714786,0.9037456510568933,0.9031703451193858,0.8324603214914162,0.829208026975746,52.30492949485779
168,0.0625,0.10115424909939369,0.10345663160944181,0.9076315957325026,0.9047419293090776,0.8385857254796705,0.8316892779108076,51.788536071777344
169,0.0625,0.10002376014987628,0.10593609288028238,0.9086430587368104,0.9024490700776677,0.8410984514008258,0.8279913843185049,53.00630521774292
170,0.0625,0.09708319902420044,0.10458480269330028,0.9114547545107663,0.9038556365106639,0.8449382278742846,0.8301840134366738,51.695234537124634
171,0.0625,0.09696182161569596,0.1048084226716693,0.910207410092435,0.9038121839460875,0.8430971407185583,0.8302651773176649,52.159844636917114
172,0.0625,0.09986231376727422,0.1048743415761877,0.9077914500206247,0.9024851876064237,0.8390364887108273,0.8278202465956118,51.78188419342041
173,0.0625,0.0986394990235567,0.10603197820392656,0.9097349043155429,0.9024833097865961,0.8424998280150489,0.828497440678591,53.27275466918945
174,0.0625,0.09634786086777845,0.10302920829612042,0.9121788680510616,0.9046079861860366,0.8461128741558342,0.8314241435737376,52.02528953552246
175,0.0625,0.09447955638170243,0.10536945399678783,0.9121649858628142,0.9035686080636243,0.8462110575176853,0.8304451904151019,50.713571548461914
176,0.0625,0.09904760383069515,0.10872051358958822,0.9081135752478835,0.8987789091539726,0.8400014189574541,0.8226085514380072,50.42081618309021
177,0.0625,0.09531640547017256,0.11027551672340911,0.9126946333162032,0.8987680650620132,0.8473653662801138,0.8217688458089558,50.67088270187378
178,0.0625,0.09728393194576104,0.10733446003600894,0.9099615297714375,0.8999761883826546,0.8429762920037913,0.8243931499557531,50.91806125640869
179,0.0625,0.09696574012438457,0.10618904361754287,0.9112971091462307,0.9018847325362223,0.8446893958195181,0.8270164589553203,50.777472734451294
180,0.0625,0.09827102838704983,0.10416545013709323,0.9101048057176083,0.9045986801936728,0.8426104530817665,0.8313368855591016,50.933602809906006
181,0.0625,0.09973807657758395,0.10390837058240984,0.9098110560430247,0.9045158805552237,0.8417912909864275,0.8312499132084988,52.623799085617065
182,0.0625,0.09499087755878767,0.10432625135767117,0.9106498672215534,0.9039671114341084,0.8436843128302715,0.8298391892594834,51.13459920883179
183,0.0625,0.09683169610798359,0.10339416848656571,0.912662130668356,0.9033459409090875,0.8471620254035221,0.8294942466916285,50.80497121810913
184,0.0625,0.09552008844912052,0.10318734637871692,0.9117385661534401,0.9064191446572392,0.845441833502755,0.8341368465529646,49.19897484779358
185,0.0625,0.09689241051673889,0.11113420202408308,0.910728918340078,0.8993369914620815,0.8441789201452796,0.8216512553928514,50.946998596191406
186,0.0625,0.10155490015943845,0.10707516864003468,0.9052386705690574,0.9017685475178375,0.8351107455362821,0.8258858484766272,49.24356198310852
187,0.0625,0.10559467909236749,0.10886086523532867,0.9011871040534059,0.8991440313336504,0.8281096701573801,0.8227556901737532,51.621782541275024
188,0.0625,0.1001945123076439,0.11044218510757257,0.9094854584248365,0.9011524260864785,0.841919858318658,0.8257052930052898,53.211395263671875
189,0.0625,0.09568627228339513,0.10618539632838449,0.9130468016053892,0.9035719016489394,0.8475812219752925,0.8286751696269505,50.856334924697876
190,0.0625,0.09685766113301118,0.1026809423119443,0.9110384921733872,0.9058642958140666,0.8441481206301866,0.8331989772863821,51.314202547073364
191,0.0625,0.09558518181244532,0.10701628608836068,0.9111342881530844,0.9022740362097827,0.844778972289518,0.8280432099031837,51.040735721588135
192,0.0625,0.09782550719877084,0.10613983759173641,0.9089284587842529,0.9032761281787635,0.8414156079637356,0.8288306520457859,50.043901443481445
193,0.0625,0.09398551533619563,0.10580264669632225,0.9130522943725888,0.9022945846750298,0.8478529095597003,0.8275045133393305,49.82169032096863
194,0.0625,0.09479200386752686,0.10909731471489487,0.9140506865709066,0.9007442690199219,0.8494110697685807,0.8247206857792138,51.7853467464447
195,0.0625,0.09540546673039595,0.10784085481255143,0.9136163844117654,0.9018190722691608,0.8484359664005829,0.8263316021217907,50.482245206832886
196,0.0625,0.09897749746839206,0.10771750204970316,0.9122735127361833,0.9012632626824701,0.8463941047587971,0.825428300322806,49.485941886901855
197,0.0625,0.09444637584189573,0.1059492950331527,0.9137283415006304,0.9032353319289725,0.8485460638497461,0.8296856276744144,50.885520219802856
198,0.0625,0.09292449404795965,0.103515177995825,0.915928816431678,0.9058628547136257,0.8522609075944867,0.8334339891357007,50.06735825538635
199,0.0625,0.09144877567887306,0.10442533156999345,0.9157480622330058,0.9040648998727874,0.8514256430807261,0.8306236922277905,51.20055866241455
200,0.0625,0.09358149493734041,0.128031958277824,0.9111389976924992,0.867719380800803,0.8452294252342943,0.7717078626123943,52.85092377662659
201,0.0625,0.10773984690507253,0.11298198636176655,0.8975054735455565,0.8950015675255178,0.8215996588607136,0.8163442142868247,51.01821994781494
202,0.0625,0.10215666070580483,0.12416529434698599,0.9040591804586615,0.8834895229296233,0.8328456783868743,0.7978043442350664,52.14436721801758
203,0.0625,0.10784694664180279,0.10841585757065211,0.8991998271035213,0.8975856559261429,0.8248991473776318,0.8196045796750197,50.65964674949646
204,0.0625,0.10117281470447778,0.10662265128068964,0.9075431735881624,0.9023741835385009,0.838457120185398,0.8280638425126063,51.663336992263794
205,0.0625,0.11073902683953445,0.13310936056537392,0.8983996238415766,0.8785198435761835,0.8245000987864614,0.7902477523430754,50.794410943984985
206,0.0625,0.11360660766561827,0.11534071827131044,0.8961573506500863,0.8964808034408067,0.8202767562538583,0.8178949280002762,51.54343295097351
207,0.03125,0.09800510816276073,0.10384365854930486,0.9114991997458551,0.9053566242062919,0.8447434032792536,0.8330905565716413,51.602703332901
208,0.03125,0.09359029022355875,0.10339840737635216,0.9134978855806253,0.9056556446324218,0.8486929105296408,0.8327717474235281,51.68517351150513
209,0.03125,0.09051570271452268,0.10341929788452117,0.9147837624467307,0.9053155744912158,0.8507465200179278,0.8322758279481194,50.976482629776
210,0.03125,0.08921486375232537,0.10186291351117224,0.9171491115311619,0.9078206390062662,0.8546978422337791,0.8364146708867846,50.56222438812256
211,0.03125,0.09029301162809134,0.10096765324902633,0.9179236565886478,0.907732482296824,0.8557393829692013,0.836401954940479,52.238224267959595
212,0.03125,0.09050996837516626,0.10101769778708862,0.9174506618793669,0.9078906940482416,0.8546361007145404,0.8365417640203862,51.05749154090881
213,0.03125,0.0898009242489934,0.10166595594137294,0.9163056121971861,0.9058099007494733,0.8531908513619145,0.8331927278575828,53.24660134315491
214,0.03125,0.086525784060359,0.10097371106162484,0.9192398728943242,0.9077051130617915,0.8580046687254782,0.8358670742399296,50.69516611099243
215,0.03125,0.0872570996483167,0.10034380574162605,0.9180626224098708,0.9086232204386272,0.8566359825971016,0.8377450708210218,50.54335141181946
216,0.03125,0.08450638030966123,0.09920939806189556,0.9223723005849482,0.90891459611366,0.862852573850834,0.8377570414564551,51.779651165008545
217,0.03125,0.0857032660394907,0.0998302593581961,0.918345126747076,0.9078402179636641,0.8570983418764525,0.8363863846863945,50.05077409744263
218,0.03125,0.08513161316514015,0.101462623955291,0.9218836359736003,0.9086655436564627,0.8623847890066655,0.8373493103145948,51.0717990398407
219,0.03125,0.08606477535019318,0.10150792293342543,0.9206747049549164,0.9069555106332491,0.860380485138795,0.8343752605700607,51.30503034591675
220,0.03125,0.08521218101183574,0.09909094358054699,0.9200893582731009,0.9090049828752621,0.8594701074207584,0.8380750233634618,50.0741810798645
221,0.03125,0.08854269149402777,0.10200604428479701,0.9195646006929964,0.9069598915944516,0.8586945415105488,0.8355667190223587,53.87942314147949
222,0.03125,0.08513282810648283,0.09902164220442007,0.9196210908827385,0.908920871178821,0.8587165447463339,0.8379839453203161,53.27643179893494
223,0.03125,0.08533664401620626,0.1006390030798598,0.9200062819241259,0.9076380923790339,0.8591985273021315,0.8363410220391102,50.32877016067505
224,0.03125,0.08298884561906258,0.10260532103448247,0.9235555994657499,0.9060320263926738,0.8652779573859001,0.8326863477435524,49.30211400985718
225,0.03125,0.08510722015053034,0.10049355744457049,0.9214976871503087,0.9085250243522998,0.8616048177787642,0.8374827171803523,50.484145164489746
226,0.03125,0.08238537330180407,0.10420437797965336,0.923253827875687,0.9037302137222439,0.8649335954586448,0.8288194679038585,50.1088502407074
227,0.03125,0.08916361878315608,0.10054297726831318,0.9159720291894449,0.9081468970614529,0.8522615297088427,0.8364335929129295,49.34953546524048
228,0.03125,0.08487631666163603,0.09850539331450875,0.9195497320671855,0.9093140290621493,0.858567394026927,0.8388142032829596,51.47298216819763
229,0.03125,0.08234982527792453,0.10172513676155742,0.9242195328542294,0.9079658298862128,0.8662906425051538,0.835999235867785,50.84913873672485
230,0.03125,0.08177788412819306,0.10136159196679975,0.9249384344615849,0.9072703169345799,0.8673068016265119,0.8342832334330491,52.239612340927124
231,0.03125,0.08158679623156787,0.09884938159229334,0.9249392750070425,0.909506320081292,0.8673342745145936,0.838375865871957,50.19781684875488
232,0.03125,0.08249799112478892,0.0979595150905872,0.9233052910167199,0.9111756854094512,0.8645625665186923,0.8414397137763869,49.5304172039032
233,0.03125,0.08115460400780042,0.09934024880697698,0.9238848200232003,0.9089190865253446,0.8658606908319474,0.8380937344181012,49.99304461479187
234,0.03125,0.0787896649291118,0.09830817356399058,0.9267022284866966,0.9095647913276836,0.8710378365636593,0.8392873922471616,49.910388469696045
235,0.03125,0.0810326386243105,0.09833494794589502,0.9243831971648079,0.9100943418642032,0.8671406303395527,0.839510172150781,50.611581563949585
236,0.03125,0.08129765292008719,0.10082925613892912,0.9245131757094812,0.9098452422554063,0.867039979834662,0.8390040237800455,51.789539098739624
237,0.03125,0.07913769160707791,0.0994693052498892,0.9256581767400296,0.9111635814569634,0.868911713197825,0.8408073937533279,50.975961446762085
238,0.03125,0.08112342078238725,0.09942657991078656,0.9259729385498456,0.9094774047710007,0.8691081678757345,0.8384545864809796,52.35949230194092
239,0.03125,0.08172696009278298,0.10204502750080799,0.9258122160782052,0.908318165391968,0.8689556907345835,0.8365492226373347,52.4910249710083
240,0.03125,0.0863870894536376,0.10254718133328873,0.9205209470559212,0.9056356335254586,0.8598696851115164,0.8324092484767277,50.16010117530823
241,0.03125,0.08365644769122203,0.09767437713994902,0.9217791504826334,0.9114568312580477,0.8624950010539737,0.8420526373731101,51.20682740211487
242,0.03125,0.08265860887865226,0.09745807783225927,0.9228242950156432,0.9092018560106259,0.8641868890423674,0.8388788029377156,51.09826993942261
243,0.03125,0.08117058935264747,0.10049459577342611,0.9246479497369852,0.9086332175141164,0.8666886076818561,0.8374889318071218,52.68633699417114
244,0.03125,0.08137764719625314,0.10016148847071722,0.9238601305393064,0.9085437407688287,0.8658225330169117,0.8366977884300933,51.239217042922974
245,0.03125,0.08066517983873685,0.09763470985026027,0.9246970143209107,0.910234334120701,0.866997830894874,0.8400627845776273,51.18055558204651
246,0.03125,0.08228757120668888,0.10105922517707809,0.9237331901019153,0.9075163928982892,0.8651079939375799,0.8358538254907079,50.534899950027466
247,0.03125,0.08045672172059616,0.10044687127870787,0.9253428139483683,0.9100168383517874,0.8682288051029748,0.8393247009561132,50.03520750999451
248,0.03125,0.08000404027601084,0.09902215663175033,0.9278963224051145,0.9099007393747867,0.8723559281056409,0.8397232375728474,50.944988489151
249,0.03125,0.07985049697260062,0.09773227382343982,0.9259685237283647,0.9098081063553148,0.8693694491026286,0.8393383585184203,49.77138948440552
250,0.03125,0.08027111689249675,0.0980628471315643,0.924361629667279,0.9111576968775592,0.8669103972591424,0.8414680084588537,51.648030281066895
251,0.03125,0.08007548563182354,0.09994614470765424,0.9259903339166325,0.9097879573297283,0.868848135486332,0.8392160514016963,50.14201641082764
252,0.03125,0.078022846331199,0.09987853915112499,0.9270087276602641,0.9096772723700973,0.8709737015425899,0.8390724867201916,51.60141944885254
253,0.03125,0.07815057734648387,0.0990503506098755,0.9275345987627628,0.9089002894286622,0.8720603343553713,0.8376900012764341,53.63366150856018
254,0.03125,0.07840257647136847,0.09956442374628757,0.927253036962955,0.9086888970143147,0.8717417921714357,0.8373314210360279,51.09697413444519
255,0.03125,0.07861050839225452,0.09868828458673179,0.9280620978215546,0.909828377903636,0.8726286131157506,0.8390125209721365,53.30107498168945
256,0.03125,0.07739558729032675,0.1001722575951015,0.927787259931298,0.9088177431372118,0.8726742014554929,0.8369982087938126,53.01975440979004
257,0.03125,0.07682403021802504,0.09981963804965156,0.9278879156526898,0.9084282573242329,0.8726538906133162,0.8368686371185514,52.380184173583984
258,0.03125,0.07760226546476284,0.10306814086044767,0.9289867983146437,0.9057660829658547,0.874168683998295,0.8327168516217072,50.38674521446228
259,0.015625,0.07507739154001077,0.09834925940743199,0.9297159016599413,0.9098581204499454,0.8758917658455575,0.8392128118753095,52.04197072982788
260,0.015625,0.07456620341787736,0.0968088130524129,0.9287764996325016,0.9113733538509178,0.87442623554203,0.8415051844248491,51.9598343372345
261,0.015625,0.07403659864018361,0.09757613258842578,0.9315404549375855,0.9111091660315583,0.879219252590865,0.8410878361151297,51.120922327041626
262,0.015625,0.07246933778127035,0.09835074713200699,0.9326084562752315,0.9109019880715303,0.8805120234679068,0.840852428028681,49.64681816101074
263,0.015625,0.07193234252432983,0.09902787604081778,0.93247997514043,0.9094161339072123,0.8800241495226845,0.8378822302493429,51.39919090270996
264,0.015625,0.0714523559436202,0.09851452423098647,0.9337555583887064,0.910826694018493,0.8821965344599579,0.8403466138491875,49.87838864326477
265,0.015625,0.07178039128581683,0.09766639591244514,0.9330511014700555,0.911170580438214,0.8811187290171688,0.8412635749151649,53.298309564590454
266,0.015625,0.0734859653438131,0.0972919609443641,0.93184397408915,0.9116728982365273,0.8793614617554062,0.8418522046141054,50.80825185775757
267,0.015625,0.07116820806016524,0.09786406714361881,0.9350294033398895,0.9114234646080357,0.8844860045761377,0.8411217535808727,49.5326771736145
268,0.015625,0.07205076161772013,0.09819535742448682,0.9327026421480971,0.9105257174617198,0.8804825237339126,0.8399679732191976,49.28339457511902
269,0.015625,0.07105078119784594,0.0985847922816198,0.9341938617828222,0.9102816946358185,0.883442526048729,0.839505488942362,52.56989860534668
270,0.015625,0.07084206019838651,0.09802069717351301,0.9339786310480167,0.9103164169897492,0.882680439354796,0.8395019121629445,50.7544162273407
271,0.015625,0.07014581269274155,0.09818188965688517,0.9355462082316015,0.91018095725021,0.8853126444870224,0.8394847240919856,51.20150804519653
272,0.015625,0.07316307028134664,0.09749273771857038,0.9321540957260488,0.9118972037249599,0.8793679734216031,0.8422280820052868,51.07874035835266
273,0.015625,0.07088719078650077,0.09845410771821261,0.933860424731617,0.9107269242348721,0.882814408034619,0.8404151937951814,50.998281717300415
274,0.015625,0.06927261396000782,0.09769338817017559,0.9353579371690915,0.9108720291577607,0.8850575902951184,0.840598837558064,51.175790309906006
275,0.015625,0.07046765238046646,0.09947218629435747,0.9337681911883583,0.91030717486554,0.8825714405579507,0.8394376795271701,52.499165058135986
276,0.015625,0.06965380894641081,0.09831133512435136,0.9342097130941702,0.9108498335076279,0.8832280300331002,0.8401459290227372,50.16988253593445
277,0.0078125,0.07020120825618506,0.09778299756010864,0.9343132986103245,0.9112612812432317,0.8832887456530962,0.8411981681117192,52.00163197517395
278,0.0078125,0.06823469909528891,0.09801182997079542,0.9358494698988834,0.911062304111187,0.8863251588413129,0.8406548009480224,51.57116889953613
279,0.0078125,0.06931812223047018,0.09778688473956575,0.9352249485685652,0.9118069640692041,0.8850415941351139,0.8418671094386286,50.128167390823364
280,0.0078125,0.06867210933317741,0.0980153524397332,0.9333532616250365,0.9107524683212622,0.8822555534069554,0.8403841595590471,53.80287766456604
281,0.0078125,0.0682625732695063,0.09733923776036918,0.9354637716772499,0.9115326944770421,0.8854216842414495,0.8417935723888442,50.966306924819946
282,0.0078125,0.06931539097179969,0.09806203075642449,0.9340332602937811,0.9105511537869795,0.8831800720127918,0.8400208511220257,51.48173761367798
283,0.0078125,0.06791762001812458,0.09844300209126845,0.9368372506372228,0.9103774334939486,0.8876730321814573,0.8397833304634392,51.52767562866211
284,0.0078125,0.06779282912611961,0.09812013826375145,0.93747795031118,0.9111991250009135,0.8886337459510117,0.8407743435378671,50.749308347702026
285,0.0078125,0.06749215827633938,0.0969995996711676,0.9351561541021015,0.9120763760084568,0.8854719283025616,0.8423677185753179,48.89079475402832
286,0.0078125,0.06785501117507617,0.09749408621233677,0.9359313220366996,0.9108052085579436,0.8863184667771673,0.8402566092117828,50.51834797859192
287,0.0078125,0.0675896855071187,0.09825219624817616,0.9365807017291421,0.9108876845309947,0.8874248485959204,0.8404045611084558,52.315852880477905
288,0.0078125,0.06872853649159273,0.09804948526645393,0.9349727723837555,0.911430327076077,0.8843398323920764,0.8412876772925252,50.20469069480896
289,0.0078125,0.06725601162761449,0.0984155391285449,0.9359259622700926,0.9102352393809746,0.8866961487207132,0.8395258707637963,49.69766068458557
290,0.0078125,0.06935474686324597,0.09988106833195981,0.9356556690679682,0.9081530511203016,0.8855516992648845,0.8360475268056424,51.84855794906616
291,0.0078125,0.06820847783237696,0.09863900840895656,0.9352774638337915,0.9100691256001986,0.8849715156704813,0.8390804449665313,49.854920864105225
292,0.0078125,0.06822439804673194,0.09832272503846957,0.9354719005650315,0.9104608451094532,0.8856799610449857,0.8397300821059563,49.733723402023315
293,0.00390625,0.06608218060185513,0.09871680108608041,0.9386518772290489,0.9097226402512428,0.891039128800861,0.8386002189428782,49.59036350250244
294,0.00390625,0.06781461083640655,0.0975582422113713,0.9360393062143628,0.9109540826149731,0.8868554601794044,0.8405711091038515,50.41392517089844
295,0.00390625,0.0664956067999204,0.09800158388943339,0.9363690532213397,0.910942826282859,0.8869219399524155,0.840474309255353,53.44221878051758
296,0.00390625,0.0661466686675946,0.09807806894367124,0.9370566522197508,0.9104659094643611,0.8880819802106567,0.84011897952375,51.8555850982666
297,0.00390625,0.06633026022464036,0.09824365527664193,0.9367218382376361,0.9105633820781677,0.8877626194792376,0.8398580373589568,49.81124663352966
298,0.00390625,0.06811270546168088,0.09774856036337315,0.9367475240220162,0.9105330547430173,0.887367059496405,0.8400878374190485,52.0508451461792
299,0.00390625,0.06579259460171064,0.0986429229072092,0.9389421670917304,0.9101509652406985,0.8914665607131481,0.8393494460879651,50.233213663101196
300,0.00390625,0.06728211628894011,0.09833102854191031,0.9359307252562452,0.9109958578353364,0.886187404702297,0.840481863067709,52.33943843841553
301,0.00390625,0.0662149591371417,0.09849353343125725,0.9369266215544497,0.910789263302609,0.8884964708547453,0.8400699307121025,50.08051347732544
302,0.00390625,0.066984097349147,0.09869488488131589,0.9360311123077651,0.9098618783995903,0.8864797167336014,0.8387041740277086,51.180142879486084
303,0.00390625,0.06617266734441121,0.09816512747556584,0.9365543989772269,0.9103746110778251,0.8877489947324635,0.8396314382526273,50.73919653892517
304,0.00390625,0.06634749993681907,0.09909944668596174,0.9389722294192019,0.9096022875812008,0.8917373994930332,0.8382415358118871,53.45736622810364
305,0.00390625,0.06672474425286054,0.0982671050745764,0.9364147153869357,0.9110071120638168,0.8867642642985086,0.8405476099590535,53.175658226013184
306,0.00390625,0.06555252938220898,0.09900274627493243,0.9386034358955334,0.9100340696274802,0.8905889718517633,0.8390753397028038,51.908690214157104
307,0.00390625,0.06468739627550045,0.09839805166539832,0.9370908241162964,0.9103443057042666,0.888337517950601,0.8392996682242878,50.68638563156128
308,0.00390625,0.06654287079970042,0.09800945627100674,0.9347922662469813,0.9111086638337061,0.8847824961736842,0.8404190743036691,52.03672528266907
309,0.001953125,0.06618041557570299,0.09816174770210996,0.9365821970508941,0.9116085745832426,0.887636713701783,0.8415501612712949,49.5894832611084
310,0.001953125,0.06522344388067722,0.09832159944890458,0.9392217925657583,0.9108519724777535,0.8916492733818907,0.8402187411265991,50.64060163497925
311,0.001953125,0.06676829165468613,0.09809651753171482,0.9372300698876229,0.9109268092073224,0.8885952277106052,0.8405081279676484,52.34732460975647
312,0.001953125,0.06540879352639119,0.0984695850576393,0.9361779181473795,0.9104910025560038,0.8870046155683454,0.8397998843624559,50.406054973602295
313,0.001953125,0.06502156425267458,0.09795499577689072,0.938222790112306,0.9109795528897655,0.8903573354242079,0.840704111151142,52.01244521141052
314,0.001953125,0.06540740523487329,0.09847980001826345,0.9384764118358768,0.9104388016383201,0.8906907972304692,0.8398220898410682,51.760613679885864
315,0.001953125,0.06527096709857384,0.0984242686948168,0.9395555363035981,0.910712806828192,0.8925528232158274,0.8399800315147169,51.50231194496155
316,0.001953125,0.06595845203846692,0.09837468888288663,0.9364299154134109,0.9107334899453636,0.8872121650211409,0.8403318872247972,50.11492729187012
317,0.001953125,0.06500959477076927,0.09827816256402451,0.9396714896345244,0.9109402477254955,0.8926720227839172,0.8404828314551519,53.0781409740448
318,0.001953125,0.06507010261217754,0.0978994772390083,0.9368330626837956,0.9110385291235755,0.8884471994851136,0.8407161369214264,51.73383378982544
319,0.001953125,0.06521177149067323,0.09837563988971121,0.936180673414942,0.9108418499104297,0.8871211633127707,0.8402451853413866,51.50640821456909
320,0.001953125,0.06356819321711858,0.09803475494737979,0.9400919424952877,0.9110668497119587,0.8933612025476001,0.8406778278203252,51.66749930381775
321,0.001953125,0.06521727169553439,0.09842320240328832,0.9372514570969931,0.9103685680161542,0.8886126961589274,0.8392772314198398,51.77124357223511
322,0.001953125,0.06624686662107707,0.09825111287856789,0.9390903762929661,0.9107886893760342,0.8917177248604448,0.8400030901880137,51.496193408966064
323,0.001953125,0.06552619393914938,0.09824651596232206,0.9382127847281502,0.9109027619030046,0.8901959956229575,0.8400968101150981,51.76720452308655
324,0.001953125,0.06381446712960799,0.09818175732476231,0.9406372069823182,0.9108062619116281,0.8943265097223752,0.8400379828369883,51.09465742111206
325,0.0009765625,0.06601227509478728,0.09828506771919658,0.9380665700232111,0.910263381936266,0.8898191957870574,0.839627868485169,50.191190242767334
326,0.0009765625,0.06577329256882271,0.09803748235045147,0.93611033861704,0.9108708291393187,0.8866564561462731,0.8404907128830638,53.36170530319214
327,0.0009765625,0.065736777211229,0.09848112309420551,0.9384579796376255,0.9104576197840918,0.8903458902903225,0.8394111503263918,50.228076696395874
328,0.0009765625,0.06444078578303257,0.09847319610570193,0.9385598683943611,0.9104376013348675,0.8910494594384029,0.8394964917677188,51.16863775253296
329,0.0009765625,0.06643006677428881,0.09862414857855549,0.9374814743716554,0.9104102262305941,0.8889199894978833,0.8394415573117003,51.60072565078735
330,0.0009765625,0.06521856586138407,0.09785690952720956,0.9381401287271305,0.9108705352201291,0.8903055137775008,0.8404350153121255,52.0705931186676
331,0.0009765625,0.0655474903061986,0.09857376585158792,0.9372355013255053,0.9102659747493846,0.8887413135540833,0.8394494499778511,53.39982032775879
332,0.0009765625,0.06516936421394348,0.09832328797122579,0.9379512148732266,0.9104299052588052,0.8899986350190805,0.8397522312887746,50.92189955711365
333,0.0009765625,0.06574285135914883,0.098189016949738,0.9373745085422855,0.9112270009661263,0.8889793550036608,0.8406870672758643,51.14255428314209
334,0.0009765625,0.0647843619187673,0.09801917685648051,0.9379735567126098,0.911099816887901,0.8896242145258675,0.8404499974288037,52.00519633293152
335,0.0009765625,0.06560971047729254,0.09858753774391771,0.9386462413135251,0.910571561657878,0.8910875482445026,0.8398961937905838,50.89976453781128
336,0.0009765625,0.06585379683723053,0.09839489025834167,0.9369911462396057,0.9109653379797713,0.8884942274257249,0.8403646193204009,50.47701382637024
337,0.0009765625,0.06419188690682252,0.09851101893211098,0.9382041577966945,0.9105529436025446,0.8904028378616936,0.8394428136047489,51.94628429412842
338,0.0009765625,0.06331628486514092,0.09813959838308915,0.939130054305956,0.9110557601107735,0.8915836956624418,0.8405239632607641,50.68618726730347
339,0.0009765625,0.06631117394814888,0.09825155243216228,0.9371311821536827,0.9108079671951081,0.8887026468433399,0.8402382165309882,53.67392611503601
340,0.0009765625,0.06436647561689218,0.09830737294851508,0.9385274938799344,0.9110719861097786,0.8906094280877972,0.8406509816934089,51.80152130126953
341,0.00048828125,0.06519729215651751,0.09851516565545597,0.9390129752424794,0.9104491065339068,0.8915726295609396,0.8395944576327758,52.15475916862488
342,0.00048828125,0.06373859643936157,0.09851804709851497,0.9409871048163022,0.9107306416589696,0.8951456034089701,0.8400790984413714,51.291339635849
343,0.00048828125,0.06522654766837756,0.09789142015662212,0.9384302365738292,0.9109942122121681,0.8906243703337307,0.8406969974423208,50.454739570617676
344,0.00048828125,0.0651314169789354,0.09872014372927662,0.9384246736206984,0.910562739423709,0.8904383948706773,0.8395935923080151,50.87961935997009
345,0.00048828125,0.06512214913964272,0.09833728365692092,0.9380996232402714,0.9104877747405766,0.8900916677185713,0.839807871510535,52.58948373794556
346,0.00048828125,0.06342315257837375,0.0981203412690771,0.9401649866303525,0.9110464197783832,0.8935173409950671,0.8405580223627929,50.97085642814636
347,0.00048828125,0.06435646787285805,0.09808675730179367,0.9406974742053121,0.9109306954902125,0.894383300703144,0.8406955975009226,51.61872863769531
348,0.00048828125,0.06447688570866981,0.09838236377808292,0.9383813041719192,0.9109723950987291,0.8903790318437618,0.8401587227297872,52.70486783981323
349,0.00048828125,0.0637423761188984,0.09817959196528289,0.9391324409255436,0.9112016143799156,0.8915890260472021,0.8406561085612534,50.879133224487305
350,0.00048828125,0.06550421609232823,0.09853349629130383,0.9367453492080723,0.9105506380490169,0.8877479141335426,0.8396777633914434,51.48779296875
351,0.00048828125,0.0657514251768589,0.09834586258655713,0.9378833215215966,0.910973425435468,0.889496139120259,0.8403820104286187,51.79433012008667
352,0.00048828125,0.06574332360178232,0.09813705019254253,0.9378493729906502,0.911192609345905,0.8896550095634946,0.8406503102720558,52.03156018257141
353,0.00048828125,0.06501222290098667,0.09813739218339017,0.9393303175462656,0.9109844832089415,0.8924523728346444,0.8404188830085804,53.99232864379883
354,0.00048828125,0.06352801024913787,0.09840889385452976,0.9409817408929023,0.9107470566883523,0.8948378454224378,0.8399521339311835,51.21834897994995
355,0.00048828125,0.06601052656769753,0.0986269492303393,0.9373562667508128,0.9108734797996224,0.8887161792832293,0.8402300341345075,50.458696603775024
356,0.00048828125,0.06483980696648359,0.09833328934853951,0.9382397485736184,0.9113373127819305,0.8904680444865362,0.841095037321261,52.70961236953735
357,0.000244140625,0.06515729023764531,0.09834229829625338,0.9378998312950907,0.9108671578339026,0.8895407858259797,0.8400564668304606,52.87580943107605
358,0.000244140625,0.0658505189542969,0.09825892078042521,0.9365240090793588,0.9109585244681123,0.8873667352738797,0.8403045587467518,51.730921030044556
359,0.000244140625,0.0645906242231528,0.09838323896068604,0.9395169524619749,0.9106959432161679,0.8925024983560362,0.8398654543908137,51.86064600944519
360,0.000244140625,0.06434132990737756,0.09825018667635113,0.9384764573087214,0.9108997108636391,0.8908007705107719,0.840294372905493,50.535497188568115
361,0.000244140625,0.06459353261937698,0.0983805653367023,0.9361506966532733,0.9109127791846923,0.8870328650155025,0.8401965232491184,51.2390923500061
362,0.000244140625,0.06500645279884339,0.09808303158224364,0.9384217454427481,0.9112037599079865,0.8909122716449381,0.8407170135587061,50.95292663574219
363,0.000244140625,0.06519951013227304,0.09828034868088278,0.9391939347589202,0.9108244086549081,0.8918180267962639,0.8400335410100455,52.52541947364807
364,0.000244140625,0.0634155897423625,0.09833926499012566,0.9397752218569493,0.9105620108923458,0.8929425485121293,0.8399271646890755,51.61668157577515
365,0.000244140625,0.06548269639412561,0.09806251593332722,0.9369359023411029,0.9110773496550828,0.8877022248464905,0.8407390342717047,51.399824142456055
366,0.000244140625,0.06490836273878813,0.09845583110189242,0.9385009512454776,0.9108026458819722,0.8908225247971938,0.8399852714458694,52.135536432266235
367,0.000244140625,0.0641856496532758,0.09812808656152874,0.939505801643885,0.9110791921861702,0.8925006444784572,0.8405633675800473,51.80813407897949
368,0.000244140625,0.06318972626080116,0.09841890433810865,0.9390226828982807,0.9108467737191206,0.8915260996125954,0.8402201109776308,51.13701343536377
369,0.000244140625,0.06415138064573209,0.09825134905890673,0.9404979977827357,0.9110067892637456,0.8938795904687568,0.8403023824284216,49.902315855026245
370,0.000244140625,0.06445922416945299,0.09822757952988392,0.9400552859287821,0.9111474483595174,0.8932821525340441,0.8406568501932665,50.339515924453735
371,0.000244140625,0.06583495792001486,0.09817123336433874,0.937038579294636,0.9111388578663293,0.8881123352140661,0.8407232672361175,51.048534870147705
372,0.000244140625,0.06399126804123322,0.0982415542129136,0.9398883753365654,0.9111210862739488,0.8931126014324526,0.8404661897774556,51.82213282585144
373,0.0001220703125,0.06466275453567505,0.0981009379029274,0.9378102908563158,0.9110156725925248,0.8898331142194494,0.8404258515378251,49.19531536102295
374,0.0001220703125,0.06345319151878356,0.0984806809957626,0.9408430123617345,0.9106122088543855,0.8946986795078228,0.8397960814963593,51.00934171676636
375,0.0001220703125,0.06429838345696529,0.09857378562782036,0.9404853803737179,0.9105726214458072,0.8938981279620724,0.8399805970663314,50.75522565841675
376,0.0001220703125,0.06445481597135465,0.09850053421754405,0.9385790977397125,0.9106337670542428,0.8911482930258017,0.839740948107457,52.45652437210083
377,0.0001220703125,0.06503116761644681,0.0984370817618115,0.9378318396231565,0.9108475504430247,0.8897676649740076,0.8400218142268491,50.94003391265869
378,0.0001220703125,0.06315085664391518,0.09833821608328525,0.9396564807623797,0.9109973793618497,0.8928679118022453,0.8403179532772481,51.596187114715576
379,0.0001220703125,0.0640460517257452,0.09808956080503424,0.9392244768826747,0.9105787398102034,0.8915385880295653,0.8400244951208815,50.48152279853821
380,0.0001220703125,0.06591291564206282,0.09832642067974978,0.9399718639052924,0.9109877534453862,0.8928593976253738,0.8403018186116141,51.50487804412842
381,0.0001220703125,0.06515637468546628,0.09814619039925038,0.9393150047628903,0.9110177575211678,0.8920262748235329,0.8405915206426345,51.81901669502258
382,0.0001220703125,0.06348758352299531,0.09847055029108691,0.9389403421420269,0.9102632376422628,0.8915398450432508,0.8392502785887594,50.091334104537964
383,0.0001220703125,0.06396667224665482,0.09813685531233564,0.9378030871381828,0.9110794947484928,0.8897600888299981,0.8407433529071591,50.78758144378662
384,0.0001220703125,0.06324357129633426,0.09814805791947086,0.9407943904666125,0.9108389240347063,0.8945138571901965,0.8404834494218915,52.23881268501282
385,0.0001220703125,0.06427331740657488,0.0982053206597336,0.9395098393468232,0.9109012998421778,0.8923473434362225,0.8400880544917612,50.88194417953491
386,0.0001220703125,0.06461939681321383,0.097952812726115,0.9388192182575322,0.9109330137906702,0.8912831317975972,0.8403552245297365,49.81099510192871
387,0.0001220703125,0.06506148918221394,0.09828367016810939,0.9388770015963794,0.9109442544338678,0.8914423561446081,0.8401230707394497,52.269508838653564
388,0.0001220703125,0.06421663196136554,0.09811675149962736,0.9389396436410161,0.911008386566204,0.8915097408022009,0.8404454744449228,50.456085205078125
389,6.103515625e-05,0.06410680208355188,0.09806157838660504,0.9384262101165028,0.9110748884844403,0.8902824373231671,0.8406472504645855,50.75898289680481
390,6.103515625e-05,0.06541475225239993,0.09860186223630552,0.9378271006116358,0.9103954577758565,0.8893636359277488,0.8392749049698686,49.66196656227112
391,6.103515625e-05,0.06440722222129504,0.0984523281639005,0.9390522090639402,0.9106561751517551,0.8921034810224007,0.8397941767032241,50.704529762268066
392,6.103515625e-05,0.06371868215501308,0.09879847652750251,0.941031475904653,0.9102743809299211,0.8950170057594331,0.8392461190746031,45.886683225631714
393,6.103515625e-05,0.06416894836972158,0.09831794305348102,0.9397514474835283,0.9108288143217932,0.8925001457699533,0.8400261276383896,45.59571123123169
394,6.103515625e-05,0.06409273315221072,0.09833070635795593,0.9392265304388233,0.9107036623399363,0.8922268765220936,0.8400339732549248,45.159459352493286
395,6.103515625e-05,0.06441958745320638,0.09777044750167509,0.9382834204535669,0.9111753637010694,0.8902130289503846,0.8409811662908974,45.82462167739868
396,6.103515625e-05,0.06430749620000521,0.09856144608661471,0.9397085576416594,0.9106403108322333,0.8925835495202477,0.8399994355930459,44.74786972999573
397,6.103515625e-05,0.06536505036056042,0.09827166688417702,0.9383771624543521,0.9106981402976623,0.890634612247862,0.8399293333710606,44.6372172832489
398,6.103515625e-05,0.06589114783952633,0.09842981177347677,0.9362583499719573,0.9109218867284284,0.8872081583137074,0.8403278845412915,47.34349584579468
399,6.103515625e-05,0.0634664012119174,0.09850792712512821,0.9389837189230495,0.9107610641482428,0.8916623770429587,0.8399999411612674,45.84183096885681
400,6.103515625e-05,0.06491987730065982,0.09851866430093231,0.9387527751704757,0.910779732952752,0.8910798172622939,0.839979162238874,45.35708546638489
401,6.103515625e-05,0.06383399001012245,0.09821164847156148,0.9405312889416106,0.9108791238699168,0.8940035043488169,0.8402190634439878,45.50946354866028
402,6.103515625e-05,0.06383736295004686,0.09842409423471969,0.9393428647074555,0.9102319411405296,0.8924018335730662,0.8393111249460493,45.012070655822754
403,6.103515625e-05,0.06383999039729436,0.09812278438497472,0.9409211390003825,0.9110996028890579,0.8948681536647454,0.8406881456665005,45.08687233924866
404,6.103515625e-05,0.06397413251300653,0.09862384911427283,0.9403573076462153,0.9106186543345522,0.8937111132789547,0.8396846627881078,45.87142014503479
405,3.0517578125e-05,0.06481783855706454,0.09824400091612781,0.9396507905425071,0.9109937693788551,0.8925561358358666,0.8405193766703764,44.93017649650574
406,3.0517578125e-05,0.06397719333569209,0.0982382124282205,0.9402213254323735,0.9106818276559565,0.893506154650391,0.8398415966805963,44.78486251831055
407,3.0517578125e-05,0.0639214656005303,0.09815307801643026,0.9398113448048091,0.910866640881048,0.8928745018532017,0.8402605137564548,45.659282207489014
408,3.0517578125e-05,0.06537099281946818,0.09827562323445646,0.938335723751708,0.9105388016978514,0.8905532591771332,0.8399936913222308,45.62920784950256
409,3.0517578125e-05,0.06398064053306977,0.09846580399529924,0.9390628977450076,0.9106054591051078,0.8919874578756868,0.8397288446538824,44.65612578392029
410,3.0517578125e-05,0.06356666069477797,0.09900145750845411,0.939648716579989,0.9098588878137917,0.8928197608338396,0.8386551376348166,44.37922167778015
411,3.0517578125e-05,0.06405601588388284,0.09800864038644014,0.9387554437993971,0.9110275885754084,0.8909994828822387,0.8404850640929624,45.15464782714844
412,3.0517578125e-05,0.06344851894925038,0.09844742528327699,0.9393860914734873,0.910876674847105,0.8925625321196635,0.8401123422259092,44.6796600818634
413,3.0517578125e-05,0.06470900395264229,0.09822706320158248,0.9382824409087019,0.9107894718404226,0.8903449991323402,0.8400687051503073,44.51539731025696
414,3.0517578125e-05,0.06470899942020575,0.09815725892659569,0.9392610182533859,0.910821819997111,0.8923116364802979,0.8401550353166365,46.46124625205994
415,3.0517578125e-05,0.06537792502592008,0.09816326510636404,0.936981923783762,0.9112119929997916,0.8883478425402879,0.8407703839876947,45.6277494430542
416,3.0517578125e-05,0.0662837087487181,0.09850996518086014,0.9374463867419782,0.9105961812450092,0.8888481046232257,0.8399751522994634,46.91349792480469
417,3.0517578125e-05,0.06650332522888978,0.09807066171748158,0.9358438699042309,0.9108138405474828,0.8864248908300617,0.8404779729487966,46.58172583580017
418,3.0517578125e-05,0.06510172033061584,0.09867438496140296,0.9381043040016288,0.9103609313881152,0.8901193226762102,0.839372781008654,45.47038745880127
419,3.0517578125e-05,0.06498494731883207,0.09811434812015957,0.9389812292680372,0.9108680007104597,0.8914282195221167,0.8403043813482456,45.05344867706299
420,3.0517578125e-05,0.06532762447992961,0.09829958497619433,0.9384792437052346,0.9106901803943321,0.8906911087103501,0.8400968751333634,45.40340566635132
421,2.5e-05,0.06526260251800219,0.09858167950263239,0.9395218819289842,0.9105650026573185,0.8923066456393947,0.8395569455628509,46.329845666885376
422,2.5e-05,0.06523315627127886,0.098040180963008,0.936616741713716,0.9109540584145429,0.8885601620516947,0.8405049908792848,46.25327754020691
423,2.5e-05,0.06577976973106464,0.098176775339209,0.9389363460157253,0.9109878384964795,0.8912320320048168,0.840367921859437,45.19885849952698
424,2.5e-05,0.06485346518456936,0.09841475773740697,0.9395003463994167,0.9106585101549018,0.8924558674845965,0.8398137776669045,45.38965344429016
425,2.5e-05,0.06425050857166449,0.0985065353382762,0.9392972162322264,0.9107391452415134,0.8922843996466869,0.8399775311599897,44.43560862541199
426,2.5e-05,0.0640583940471212,0.0984081497776165,0.9396395787546454,0.9108335869401718,0.8925291096113873,0.840093506253471,45.803038358688354
427,2.5e-05,0.06460511709252993,0.09836222537996347,0.9381304915363805,0.9107996683295331,0.8902302290737629,0.8399939787829235,45.167564868927
428,2.5e-05,0.06500128706296285,0.09830091951928512,0.937545118309663,0.9108729790924521,0.8890093874273969,0.8401099149682557,44.82600998878479
429,2.5e-05,0.06467691957950591,0.0985698203552407,0.9383973295861353,0.9106465595895139,0.89047232874802,0.840004792029324,45.46393918991089
430,2.5e-05,0.06493383416285117,0.09854967257490864,0.9391726944827766,0.910843562499889,0.8920335025745555,0.8401479074226268,46.18437123298645
431,2.5e-05,0.0649081346889337,0.09828133405849276,0.9364594865720902,0.9111004731870499,0.8878471648652148,0.8405839380781127,45.36574578285217
432,2.5e-05,0.0635019247730573,0.09852958654547915,0.9370454916686187,0.9106477044554876,0.8886645159789109,0.8400265490316541,45.476592779159546
433,2.5e-05,0.06458550648142894,0.0980712941583292,0.9396562570682889,0.9109189866879813,0.8924998668055346,0.8400780921862023,46.73736619949341
434,2.5e-05,0.06469569889207681,0.09858582929205993,0.937339157663283,0.9106983451514052,0.8889984113490323,0.839740161991267,46.09667372703552
435,2.5e-05,0.06367563003053268,0.09868731095221799,0.9374509211700225,0.9107701733136649,0.8894677327137941,0.8398317392410504,46.436758279800415
